data_1,data_2,data_3,data_4,data_5,data_6,data_7,data_8,data_9,data_10
-0.85698235,-0.22413296,0.46853003,-0.95256186,0.013699919,-0.9043226,-0.97190034,-0.112950146,-0.83950615,-0.014914334
