parameter_1,parameter_2,parameter_3,parameter_4,parameter_5,parameter_6,parameter_7,parameter_8,parameter_9,parameter_10
-0.7977998,0.46962237,0.15160084,0.3030715,0.33040714,-1.4791658,0.0820303,0.519609,0.8618095,-0.5193429
