data_1,data_2,data_3,data_4,data_5,data_6,data_7,data_8,data_9,data_10
0.014148831,0.5481902,-0.820755,0.16872543,-0.3518324,0.33530942,-0.1038599,0.28802642,-0.1787714,-0.30907977
