parameter_1,parameter_2,parameter_3,parameter_4,parameter_5,parameter_6,parameter_7,parameter_8,parameter_9,parameter_10
1.7641635,0.7350266,-0.68012357,-0.18108225,-0.65024376,0.5340407,0.42487574,0.65891695,-0.2517643,-1.0445738
