data_1,data_2,data_3,data_4,data_5,data_6,data_7,data_8,data_9,data_10
0.9566534,-0.13201714,0.5350084,0.15256035,0.9782816,0.059865087,0.29309344,0.85549057,0.57106733,-0.11858046
