parameter_1,parameter_2,parameter_3,parameter_4,parameter_5,parameter_6,parameter_7,parameter_8,parameter_9,parameter_10
1.6984074,0.43647027,0.30306268,-1.27526,1.424995,-0.43654633,-1.0350032,1.9073279,1.6242678,1.3314972
