data_1,data_2,data_3,data_4,data_5,data_6,data_7,data_8,data_9,data_10
0.753661,0.89129704,0.29742944,0.10537863,-0.86604524,-0.91228294,-0.74194646,-0.22497296,-0.37659234,-0.1652641
