parameter_1,parameter_2,parameter_3,parameter_4,parameter_5,parameter_6,parameter_7,parameter_8,parameter_9,parameter_10
1.3021045,-0.01956296,1.689259,-1.762346,-1.3214035,-1.1628513,0.48992848,-0.5235095,-0.30043554,0.18446422
