data_1,data_2,data_3,data_4,data_5,data_6,data_7,data_8,data_9,data_10
0.009650111,-0.11222313,0.82814527,-0.57975876,-0.2603579,0.11506736,0.9266789,-0.8362951,0.12139061,-0.043747783
