parameter_1,parameter_2,parameter_3,parameter_4,parameter_5,parameter_6,parameter_7,parameter_8,parameter_9,parameter_10
0.28087807,-0.1354177,0.4968419,-0.18733859,0.23630619,-0.6520877,1.4184661,0.0830996,0.15819311,0.47493434
