data_1,data_2,data_3,data_4,data_5,data_6,data_7,data_8,data_9,data_10
0.88099587,-0.9517388,0.47152945,0.10886878,0.3141407,0.51249087,0.2768201,0.64387935,-0.78059614,-0.9396312
