parameter_1,parameter_2,parameter_3,parameter_4,parameter_5,parameter_6,parameter_7,parameter_8,parameter_9,parameter_10
0.87099075,-0.9573586,0.22762871,0.48433065,0.03472662,0.5833194,-0.08131099,1.0450246,-0.31164622,-1.2295203
