data_1,data_2,data_3,data_4,data_5,data_6,data_7,data_8,data_9,data_10
-0.6213493,-0.34859753,-0.24457312,0.5304837,0.4207273,-0.5625876,0.7845533,0.27602887,-0.9936465,-0.82492507
