parameter_1,parameter_2,parameter_3,parameter_4,parameter_5,parameter_6,parameter_7,parameter_8,parameter_9,parameter_10
-1.2973852,-0.5236945,-1.8260767,0.3442998,0.23633528,-1.0703197,1.8371217,0.9418049,-0.6192939,-1.4092894
