data_1,data_2,data_3,data_4,data_5,data_6,data_7,data_8,data_9,data_10
0.72113836,0.64106154,0.9541173,-0.38888183,-0.037482858,0.97541875,0.2760105,0.7872746,0.94249797,-0.4648823
