parameter_1,parameter_2,parameter_3,parameter_4,parameter_5,parameter_6,parameter_7,parameter_8,parameter_9,parameter_10
-0.31423354,-0.88185716,0.18185568,-0.81904125,-0.76397824,-0.023898125,1.2097619,0.9042158,1.7539425,-0.26261735
