data_1,data_2,data_3,data_4,data_5,data_6,data_7,data_8,data_9,data_10
-0.95506644,-0.55692506,-0.4864759,-0.3112135,0.11957291,-0.19421351,0.076517105,-0.1963362,0.91264814,0.53349686
