parameter_1,parameter_2,parameter_3,parameter_4,parameter_5,parameter_6,parameter_7,parameter_8,parameter_9,parameter_10
-1.4769418,-0.06335211,-0.100515366,1.3837473,0.38559556,-1.2787044,1.4043934,0.024092913,1.3689377,0.6771171
