data_1,data_2,data_3,data_4,data_5,data_6,data_7,data_8,data_9,data_10
-0.032963574,-0.57426155,-0.57813776,-0.6813736,0.5770602,0.54534096,0.25766832,0.81073964,-0.25957307,0.7305211
