parameter_1,parameter_2,parameter_3,parameter_4,parameter_5,parameter_6,parameter_7,parameter_8,parameter_9,parameter_10
-0.7010009,-0.9269273,-0.16703081,-1.0159814,0.470232,0.97224855,0.0058863163,0.88267756,-0.33124018,-0.25611877
